[{"Fullname":"John Doe","FirstName":"John","LastName":"Doe","Gender":"Male","EmailAddress":"johndoe@iu.edu","PhoneNumber":"123-123-1234","Weight":"180","Age":"45","FitnessGoal":"Weight Loss","CreditCardNumber":"4090249764583478","CreditCardType":"Visa","ExpirationDate":null,"BillingAddress":"1432 Main Street","City":"Bloomington","Zip":"47409","MembershipType":"Individual 1 Month","StartDate":"7/2/2015","EndDate":"8/2/2015","AdditionalFeatures":"Personal Training Plan","MembershipPrice":"9.99","TotalPrice":"14.99"},{"Fullname":"Jane Dan","FirstName":"Jane","LastName":"Dan","Gender":"Female","EmailAddress":"jandan@iu.edu","PhoneNumber":"738-394-1923","Weight":"150","Age":"32","FitnessGoal":"Weight Loss","CreditCardNumber":"4929411036002979","CreditCardType":"Visa","ExpirationDate":null,"BillingAddress":"564 4th Street","City":"Bloomington","Zip":"47406","MembershipType":"Individual 12 Month","StartDate":"6/2/2016","EndDate":"6/2/2017","AdditionalFeatures":"Locker Rental","MembershipPrice":"100.00","TotalPrice":"101.00"},{"Fullname":"Ji Lee","FirstName":"Ji","LastName":"Lee","Gender":"Male","EmailAddress":"lee943@iu.edu","PhoneNumber":"329-439-4930","Weight":"150","Age":"23","FitnessGoal":"Weight Loss","CreditCardNumber":"4929411036002979","CreditCardType":"Mastercard","ExpirationDate":null,"BillingAddress":"4360 10th Street","City":"Bloomington","Zip":"47408","MembershipType":"Individual 12 Month","StartDate":"7/6/2017","EndDate":"7/6/2018","AdditionalFeatures":"Locker Rental","MembershipPrice":"100.00","TotalPrice":"101.00"},{"Fullname":"Matt Boothby","FirstName":"Matt","LastName":"Boothby","Gender":"Male","EmailAddress":"boothby@iu.edu","PhoneNumber":"438-238-4381","Weight":"135","Age":"29","FitnessGoal":"Athletic Performance","CreditCardNumber":"5342349744232650","CreditCardType":"Mastercard","ExpirationDate":null,"BillingAddress":"540 7th Street","City":"Bloomington","Zip":"47408","MembershipType":"Family 12 Month","StartDate":"10/05/2017","EndDate":"10/05/2017","AdditionalFeatures":"Personal Training Plan","MembershipPrice":"200.00","TotalPrice":"205.00"},{"Fullname":"Kim Smith","FirstName":"Kim","LastName":"Smith","Gender":"Female","EmailAddress":"ksmith@iu.edu","PhoneNumber":"430-234-0192","Weight":"128","Age":"44","FitnessGoal":"Overall Health","CreditCardNumber":"5459471940469321","CreditCardType":"Mastercard","ExpirationDate":null,"BillingAddress":"76354 9th Street","City":"Bloomington","Zip":"47405","MembershipType":null,"StartDate":"12/29/2017","EndDate":"12/29/2018","AdditionalFeatures":"N/A","MembershipPrice":"Two Person 12 Month","TotalPrice":"125.00"},{"Fullname":"Tyler Sweem","FirstName":"Tyler","LastName":"Sweem","Gender":"Male","EmailAddress":"tsweem@iu.edu","PhoneNumber":"630-649-4415","Weight":"190","Age":"22","FitnessGoal":"Athletic Performance","CreditCardNumber":"4111111111111111","CreditCardType":"Visa","ExpirationDate":null,"BillingAddress":"804 N Walnut St","City":"Bloomington","Zip":"47404","MembershipType":"Individual 12 Month","StartDate":"4/30/2018","EndDate":"4/30/2019","AdditionalFeatures":"Personal Training Plan\r\nLocker Rental","MembershipPrice":"$100.00","TotalPrice":"$172.00"},{"Fullname":"Finn Thehuman","FirstName":"Finn","LastName":"Thehuman","Gender":"Male","EmailAddress":"fhuman@iu.edu","PhoneNumber":"180-999-9910","Weight":"100","Age":"18","FitnessGoal":"Strength Training","CreditCardNumber":"5121685535773494","CreditCardType":"MasterCard","ExpirationDate":null,"BillingAddress":"111 Treehouse","City":"Candykingdom","Zip":"47404","MembershipType":"Individual 12 Month","StartDate":"5/2/2018","EndDate":"5/2/2019","AdditionalFeatures":"Personal Training Plan","MembershipPrice":"$100.00","TotalPrice":"$160.00"},{"Fullname":"Tyler Smith","FirstName":"Tyler","LastName":"Smith","Gender":"Male","EmailAddress":"tsmith@iu.edu","PhoneNumber":"192-293-2938","Weight":"180","Age":"100","FitnessGoal":"Athletic Performance","CreditCardNumber":"4111111111111111","CreditCardType":"Visa","ExpirationDate":null,"BillingAddress":"123 Happy Lane","City":"Bloomington","Zip":"47406","MembershipType":"Individual 12 Month","StartDate":"5/2/2018","EndDate":"5/2/2019","AdditionalFeatures":"Personal Training Plan","MembershipPrice":"$100.00","TotalPrice":"$160.00"},{"Fullname":"Paul Bunyon","FirstName":"Paul","LastName":"Bunyon","Gender":"Male","EmailAddress":"pbuns@iu.edu","PhoneNumber":"192-293-9485","Weight":"500","Age":"10","FitnessGoal":"Strength Training","CreditCardNumber":"4111111111111111","CreditCardType":"Visa","ExpirationDate":null,"BillingAddress":"1010 Fee Lane","City":"Bloomington","Zip":"47404","MembershipType":"Two Person 1 Month","StartDate":"5/1/2018","EndDate":"6/1/2018","AdditionalFeatures":"Personal Training Plan","MembershipPrice":"$14.99","TotalPrice":"$19.99"}]